codigo_ibge,nome_municipio,latitude,longitude
3547502,Santa Rita do Passa Quatro,-21.7103738,-47.4777943
3552908,Taciba,-22.3893943,-51.2888486
3536307,Patrocínio Paulista,-20.6395883,-47.28231
3555109,Tupi Paulista,-21.3860829,-51.5762374
3552304,Sud Mennucci,-20.6906175,-50.9240834
3553856,Taquarivaí,-23.9257829,-48.7005328
3552502,Suzano,-23.5427842,-46.3108391
3553302,Tambaú,-21.70292,-47.270344
3503406,Arealva,-22.0301906,-48.9111936
3536257,Parisi,-20.2588263,-50.0416148
3503158,Arapeí,-22.6738889,-44.4477778
3552007,Silveiras,-22.66384,-44.852157
3510302,Capela do Alto,-23.4704798,-47.7352309
3529203,Martinópolis,-22.146153,-51.170949
3540259,Pontalinda,-20.44071,-50.5235329
3535200,Palmeira d'Oeste,-20.4168187,-50.762159
3525300,Jaú,-22.2933031,-48.5593432
3551405,Serra Azul,-21.3110257,-47.5655346
3515301,Estrela do Norte,-22.4886301,-51.6606857
3553005,Taguaí,-23.4534312,-49.4054454
3501004,Altinópolis,-21.021364,-47.3712
3537008,Pedregulho,-20.25071,-47.4808786
3553708,Taquaritinga,-21.4064327,-48.5056132
3507001,Boituva,-23.2838893,-47.6738231
3518305,Guararema,-23.4136776,-46.0383744
3504909,Bananal,-22.6820178,-44.3221805
3545506,Sandovalina,-22.4560782,-51.7634004
3554003,Tatuí,-23.3489848,-47.8490165
3528601,Manduri,-23.0059018,-49.317191
3549250,São João de Iracema,-20.5134345,-50.352595
3508504,Caçapava,-23.099204,-45.707645
3556008,Urupês,-21.2027026,-49.2921996
3535804,Paranapanema,-23.390161,-48.720868
3500758,Alambari,-23.550338,-47.897971
3505104,Barbosa,-21.265661,-49.951816
3544509,Rubinéia,-20.1718325,-50.9995571
3520905,Ipaussu,-23.0544285,-49.6264306
3506805,Bocaina,-22.1421831,-48.522276
3520442,Ilha Solteira,-20.4281001,-51.3410871
3516101,Florínea,-22.9016004,-50.7268005
3504800,Bálsamo,-20.7343722,-49.5807484
3509908,Cananéia,-25.0104609,-47.9315628
3516507,Gabriel Monteiro,-21.5299436,-50.5533059
3503356,Arco-Íris,-21.7741308,-50.4668814
3512902,Cosmorama,-20.4801328,-49.7782265
3530706,Mogi Guaçu,-22.372222,-46.9425
3539103,Pirapora do Bom Jesus,-23.3972146,-47.0025661
3504602,Bady Bassitt,-20.9178969,-49.4517911
3538709,Piracicaba,-22.725165,-47.6493269
3541802,Queiroz,-21.7991405,-50.2392786
3525508,Joanópolis,-22.930004,-46.275208
3507456,Borebi,-22.5700178,-48.9714871
3501301,Álvares Machado,-22.076415,-51.47224
3514957,Embaúba,-20.9819513,-48.837455
3533254,Novais,-20.9941576,-48.9188283
3503307,Araras,-22.3569192,-47.3838766
3514809,Eldorado,-24.522583,-48.1093489
3512605,Coronel Macedo,-23.6304001,-49.313234
3509502,Campinas,-22.9056391,-47.059564
3534906,Pacaembu,-21.566243,-51.2633114
3541406,Presidente Prudente,-22.1225167,-51.3882528
3524402,Jacareí,-23.3050682,-45.9723075
3538105,Pindorama,-21.1853,-48.90861
3513702,Descalvado,-21.8797111,-47.6507427
3518206,Guararapes,-21.2542739,-50.6440083
3547403,Santa Rita d'Oeste,-20.1448079,-50.8317569
3524006,Itupeva,-23.1531055,-47.0580347
3532058,Motuca,-21.5095864,-48.1503832
3523206,Itararé,-24.1010472,-49.3023836
3550902,São Simão,-21.479873,-47.5523028
3505351,Barra do Chapéu,-24.472203,-49.023784
3523404,Itatiba,-23.0055542,-46.8397726
3539608,Planalto,-21.0336277,-49.9284517
3541109,Presidente Alves,-22.09991,-49.438133
3501103,Alto Alegre,-21.5820592,-50.1661976
3515350,Euclides da Cunha Paulista,-22.55452,-52.592779
3526506,Lavínia,-21.1665477,-51.0410539
3527108,Lins,-21.6741873,-49.7518932
3542305,Redenção da Serra,-23.2803652,-45.5345747
3550803,São Sebastião da Grama,-21.7118854,-46.8284162
3547908,Santo Antônio da Alegria,-21.0893048,-47.1523426
3542107,Rafard,-23.0143559,-47.5306721
3542503,Reginópolis,-21.8884118,-49.22273
3523909,Itu,-23.2637798,-47.2998462
3538204,Pinhalzinho,-22.7824349,-46.5901718
3516606,Gália,-22.2936976,-49.5516228
3547650,Santa Salete,-20.2451795,-50.6889625
3506300,Bernardino de Campos,-23.0140216,-49.4760724
3551504,Serrana,-21.2043614,-47.6048453
3537107,Pedreira,-22.741347,-46.894846
3518909,Guzolândia,-20.6491637,-50.6622974
3532827,Nova Campina,-24.1225305,-48.9054041
3534104,Oriente,-22.1525442,-50.0935645
3519907,Iepê,-22.660165,-51.077881
3507605,Bragança Paulista,-22.9520235,-46.5418586
3551306,Sebastianópolis do Sul,-20.6581669,-49.9229043
3530409,Mirassolândia,-20.6147204,-49.462817
3532801,Nova Aliança,-21.0163728,-49.4981128
3548054,Santo Antônio do Aracanguá,-20.9361894,-50.4959965
3543204,Ribeirão do Sul,-22.7861813,-49.9285258
3518602,Guariba,-21.35938,-48.23158
3529500,Mendonça,-21.1838813,-49.579059
3526001,Junqueirópolis,-21.5109531,-51.4351505
3552106,Socorro,-22.5902619,-46.5249112
3554508,Tietê,-23.1030302,-47.7147937
3535507,Paraguaçu Paulista,-22.4203497,-50.5792099
3505609,Barrinha,-21.1898849,-48.1550642
3529609,Meridiano,-20.3547223,-50.172574
3539905,Poloni,-20.7836955,-49.8149752
3528858,Marapoama,-21.2574769,-49.1314719
3526704,Leme,-22.1844807,-47.385295
3529708,Miguelópolis,-20.179612,-48.030997
3554102,Taubaté,-23.031448,-45.5612792
3557204,Chavantes,-23.0406405,-49.7071698
3510906,Cássia dos Coqueiros,-21.280082,-47.164327
3516903,General Salgado,-20.6488139,-50.3608101
3545704,Santa Albertina,-20.0323485,-50.7278392
3502101,Andradina,-20.896505,-51.3742765
3544707,Sagres,-21.8840628,-50.9574608
3509601,Campo Limpo Paulista,-23.207791,-46.788919
3554300,Teodoro Sampaio,-22.435,-52.3353654
3519006,Herculândia,-22.004508,-50.3862746
3536109,Pardinho,-23.0810065,-48.3781499
3556305,Valparaíso,-21.2230369,-50.8666375
3528106,Macaubal,-20.8071616,-49.9648439
3505302,Barra Bonita,-22.490859,-48.558349
3505005,Barão de Antonina,-23.6295651,-49.5632104
3514502,Duartina,-22.414562,-49.408355
3500600,Águas de São Pedro,-22.6000681,-47.8750887
3536570,Paulistânia,-22.5730321,-49.3985251
3510104,Cândido Rodrigues,-21.3255615,-48.6308798
3521101,Ipeúna,-22.4356582,-47.7146714
3544004,Rio das Pedras,-22.8441256,-47.6065667
3500204,Adolfo,-21.2356597,-49.6441918
3542800,Ribeira,-24.6577435,-49.0086372
3533601,Nuporanga,-20.730877,-47.7522561
3533106,Nova Guataporanga,-21.3330061,-51.6465874
3519402,Ibirá,-21.0815104,-49.2424619
3526902,Limeira,-22.5615068,-47.401766
3530201,Mirante do Paranapanema,-22.2925861,-51.907143
3528908,Mariápolis,-21.7966708,-51.1831475
3550605,São Roque,-23.5304843,-47.1355473
3532405,Nazaré Paulista,-23.1819309,-46.3992986
3521507,Irapuã,-21.2791964,-49.4101967
3550308,São Paulo,-23.5506507,-46.6333824
3503802,Artur Nogueira,-22.572737,-47.172679
3504008,Assis,-22.6620892,-50.420623
3541604,Promissão,-21.5404913,-49.8574709
3511300,Cedral,-20.9028433,-49.2699665
3527504,Lucianópolis,-22.4310459,-49.5219241
3542008,Quintana,-22.0705513,-50.308652
3540408,Populina,-19.9427771,-50.5372875
3534005,Onda Verde,-20.6071428,-49.2950997
3547106,Santa Mercedes,-21.3513258,-51.7534
3502200,Angatuba,-23.4938938,-48.4110675
3512506,Coroados,-21.3554634,-50.2853589
3545100,Salmourão,-21.625096,-50.8605656
3507753,Brejo Alegre,-21.1671191,-50.1850393
3551900,Severínia,-20.810753,-48.80538
3529302,Matão,-21.6033611,-48.3660603
3556909,Vista Alegre do Alto,-21.171293,-48.6299172
3551801,Sete Barras,-24.3878438,-47.9265798
3546405,Santa Cruz do Rio Pardo,-22.9060715,-49.6277378
3511102,Catanduva,-21.1331035,-48.9712817
3501608,Americana,-22.7392463,-47.3306032
3534302,Orlândia,-20.720278,-47.886667
3528304,Magda,-20.6444651,-50.2260983
3505500,Barretos,-20.5531437,-48.5697509
3549508,São José da Bela Vista,-20.5934194,-47.6416942
3523602,Itirapina,-22.2536514,-47.8212546
3548401,Santópolis do Aguapeí,-21.6379556,-50.5008527
3512100,Colômbia,-20.1774291,-48.6872822
3500303,Aguaí,-22.0592036,-46.979384
3546702,Santa Gertrudes,-22.4590897,-47.532034
3522158,Itaoca,-24.6409691,-48.8410159
3511201,Catiguá,-21.0491485,-49.0578923
3537305,Penápolis,-21.4192406,-50.0765588
3501152,Alumínio,-23.5203479,-47.2575256
3530904,Mombuca,-22.9293093,-47.5650724
3533502,Novo Horizonte,-21.4674564,-49.2235377
3535606,Paraibuna,-23.3864203,-45.6626797
3531407,Monte Aprazível,-20.7625702,-49.7088402
3508405,Cabreúva,-23.3076663,-47.1324726
3521606,Irapuru,-21.5691828,-51.3494606
3532900,Nova Europa,-21.7808203,-48.5661712
3504503,Avaré,-23.1045215,-48.9259103
3501806,Américo de Campos,-20.298476,-49.735904
3532702,Nipoã,-20.9126469,-49.7791476
3542404,Regente Feijó,-22.2191056,-51.3034558
3548500,Santos,-23.9609448,-46.3166316
3520608,Indiana,-22.1748508,-51.2534615
3554201,Tejupá,-23.3437238,-49.3772468
3501707,Américo Brasiliense,-21.7297099,-48.1052092
3513405,Cruzeiro,-22.5783685,-44.9642044
3543907,Rio Claro,-22.4100108,-47.5603933
3523107,Itaquaquecetuba,-23.4754492,-46.3514033
3551603,Serra Negra,-22.6126459,-46.699986
3508801,Cafelândia,-21.8054355,-49.6030627
3519600,Ibitinga,-21.75623,-48.831903
3549904,São José dos Campos,-23.1867782,-45.8854538
3509007,Caieiras,-23.3644621,-46.7484765
3511409,Cerqueira César,-23.0353135,-49.1650519
3555901,Uru,-21.7846064,-49.2819702
3510153,Canitar,-23.0066616,-49.7840632
3540002,Pompéia,-22.1088293,-50.1720753
3522604,Itapira,-22.436111,-46.821667
3535309,Palmital,-22.786384,-50.2198965
3520004,Igaraçu do Tietê,-22.5118084,-48.5578207
3531001,Monções,-20.850949,-50.097537
3515194,Espírito Santo do Turvo,-22.6939723,-49.4295067
3536208,Pariquera-Açu,-24.7146891,-47.8802361
3557303,Estiva Gerbi,-22.2742719,-46.9523302
3540507,Porangaba,-23.17615,-48.119464
3521002,Iperó,-23.3508977,-47.687611
3518701,Guarujá,-23.9927768,-46.2558332
3527702,Luiziânia,-21.6763356,-50.3269863
3515806,Flora Rica,-21.6760063,-51.3804532
3532504,Neves Paulista,-20.842992,-49.635767
3555802,Urânia,-20.244491,-50.6450868
3550704,São Sebastião,-23.8027866,-45.4070527
3554953,Tuiuti,-22.8129751,-46.6936447
3551207,Sarutaiá,-23.2747217,-49.477186
3532207,Narandiba,-22.4080573,-51.5251755
3508603,Cachoeira Paulista,-22.6605578,-45.0081689
3536406,Paulicéia,-21.3143975,-51.8316259
3552403,Sumaré,-22.8217964,-47.267105
3516200,Franca,-20.5381768,-47.4009795
3531605,Monte Castelo,-21.3006353,-51.5686963
3542909,Ribeirão Bonito,-22.0692867,-48.1781765
3543808,Rinópolis,-21.728308,-50.7226134
3547700,Santo Anastácio,-21.974662,-51.652662
3502804,Araçatuba,-21.207992,-50.4390225
3511508,Cerquilho,-23.1626556,-47.7433878
3512308,Conchas,-23.0133538,-48.0077595
3549102,São João da Boa Vista,-21.9687099,-46.7969216
3518503,Guareí,-23.3718195,-48.184685
3501509,Alvinlândia,-22.4431852,-49.7643596
3539509,Pitangueiras,-21.013203,-48.220951
3514924,Elisiário,-21.1673392,-49.1111015
3524709,Jaguariúna,-22.70374,-46.985062
3503950,Aspásia,-20.1596604,-50.7279226
3532603,Nhandeara,-20.6943324,-50.0406028
3545605,Santa Adélia,-21.2432992,-48.8061481
3554904,Três Fronteiras,-20.234355,-50.890528
3543006,Ribeirão Branco,-24.2211495,-48.7678322
3507159,Bom Sucesso de Itararé,-24.3190016,-49.1446207
3557154,Zacarias,-21.0523649,-50.0514502
3522802,Itaporanga,-23.7066252,-49.4895934
3508702,Caconde,-21.5281123,-46.6434015
3515400,Fartura,-23.390039,-49.5109023
3531209,Monte Alegre do Sul,-22.681861,-46.6798783
3531902,Morro Agudo,-20.7276692,-48.052795
3546306,Santa Cruz das Palmeiras,-21.823475,-47.248023
3521150,Ipiguá,-20.657282,-49.3881146
3532868,Nova Castilho,-20.7638386,-50.3427479
3546504,Santa Ernestina,-21.4634463,-48.3912139
3502408,Anhumas,-22.2956478,-51.3873401
3533403,Nova Odessa,-22.7805746,-47.2993805
3549300,São João do Pau d'Alho,-21.2701055,-51.6654978
3515509,Fernandópolis,-20.2825647,-50.2500762
3546603,Santa Fé do Sul,-20.2106188,-50.9270837
3519808,Icém,-20.3413103,-49.1970982
3523800,Itobi,-21.730853,-46.9743
3550407,São Pedro,-22.5512765,-47.9072359
3505807,Bastos,-21.9222474,-50.7317727
3533007,Nova Granada,-20.5345426,-49.3186951
3528205,Macedônia,-20.1454034,-50.193911
3534203,Orindiúva,-20.1819444,-49.3508333
3520103,Igarapava,-20.0411748,-47.7476682
3506102,Bebedouro,-20.949077,-48.479083
3525607,João Ramalho,-22.2486157,-50.7677114
3535408,Panorama,-21.3611651,-51.8574008
3522653,Itapirapuã Paulista,-24.5735083,-49.1703846
3554607,Timburi,-23.2064076,-49.6045576
3539400,Piratininga,-22.4136363,-49.1351479
3527306,Louveira,-23.08639,-46.95056
3520509,Indaiatuba,-23.0908356,-47.2180677
3550506,São Pedro do Turvo,-22.745286,-49.742829
3546108,Santa Clara d'Oeste,-20.0938889,-50.9263889
3536604,Paulo de Faria,-20.029593,-49.3998592
3545803,Santa Bárbara d'Oeste,-22.7542539,-47.4137884
3521309,Ipuã,-20.4441839,-48.012504
3538907,Pirajuí,-21.9957877,-49.4549675
3529005,Marília,-22.2172002,-49.9500061
3540200,Pontal,-21.0239714,-48.0393457
3500402,Águas da Prata,-21.9464285,-46.7192121
3516804,Gastão Vidigal,-20.7956829,-50.1907615
3524204,Jaborandi,-20.6921079,-48.4144076
3520202,Igaratá,-23.2063475,-46.156934
3530508,Mococa,-21.464731,-47.002405
3503000,Aramina,-20.0876144,-47.789201
3514403,Dracena,-21.4835523,-51.5334408
3500105,Adamantina,-21.6866517,-51.0762975
3537701,Piacatu,-21.5901744,-50.5972241
3541059,Pratânia,-22.809027,-48.6656779
3541901,Queluz,-22.5371881,-44.7752585
3512407,Cordeirópolis,-22.4768324,-47.4550551
3523503,Itatinga,-23.1042417,-48.6134874
3520806,Inúbia Paulista,-21.7701831,-50.9616718
3512001,Colina,-20.711443,-48.53867
3539707,Platina,-22.6328334,-50.2049642
3532009,Morungaba,-22.88,-46.79167
3543600,Rifaina,-20.0811589,-47.4210736
3527603,Luís Antônio,-21.552463,-47.7033894
3549409,São Joaquim da Barra,-20.5814993,-47.8608238
3500907,Altair,-20.5238955,-49.0606135
3537404,Pereira Barreto,-20.6378509,-51.1052172
3503208,Araraquara,-21.7886713,-48.1773096
3509452,Campina do Monte Alegre,-23.5935653,-48.4801876
3550001,São Luiz do Paraitinga,-23.2220531,-45.3108444
3520400,Ilhabela,-23.816628,-45.368685
3521705,Itaberá,-23.8621345,-49.1398926
3538808,Piraju,-23.1938491,-49.3842588
3543402,Ribeirão Preto,-21.1776315,-47.8100983
3535101,Palmares Paulista,-21.085369,-48.803656
3525102,Jardinópolis,-21.0255126,-47.7706807
3546009,Santa Branca,-23.3974353,-45.8842294
3506003,Bauru,-22.3173803,-49.0689778
3506508,Birigui,-21.2908491,-50.34144
3503505,Areias,-22.5800929,-44.6975127
3504206,Auriflama,-20.6840418,-50.5554616
3522901,Itapuí,-22.2346755,-48.7189744
3515202,Estrela d'Oeste,-20.2860692,-50.3986216
3546801,Santa Isabel,-23.3194222,-46.2271903
3538006,Pindamonhangaba,-22.9364,-45.4622602
3501202,Álvares Florence,-20.2936023,-49.9330156
3510005,Cândido Mota,-22.7434964,-50.38924
3515129,Emilianópolis,-21.831436,-51.483168
3521408,Iracemápolis,-22.5869091,-47.5160966
3533908,Olímpia,-20.736634,-48.910625
3509403,Cajuru,-21.2759978,-47.3046035
3512704,Corumbataí,-22.2210521,-47.6249638
3506409,Bilac,-21.403962,-50.47464
3513207,Cristais Paulista,-20.403569,-47.420915
3525854,Jumirim,-23.0843839,-47.7882279
3531506,Monte Azul Paulista,-20.90649,-48.638717
3540606,Porto Feliz,-23.2110713,-47.5247163
3533700,Ocauçu,-22.4396255,-49.9226712
3506904,Bofete,-23.1019554,-48.2610535
3517505,Guapiaçu,-20.79663,-49.2253917
3511607,Cesário Lange,-23.226035,-47.954453
3551108,Sarapuí,-23.63974,-47.824863
3546256,Santa Cruz da Esperança,-21.2918648,-47.4309885
3500550,Águas de Santa Bárbara,-22.8821912,-49.2383956
3518107,Guarantã,-21.8950705,-49.590107
3503703,Ariranha,-21.18716,-48.790418
3557105,Votuporanga,-20.4252908,-49.972028
3524808,Jales,-20.2671767,-50.5492435
3554656,Torre de Pedra,-23.2478026,-48.1941034
3533809,Óleo,-22.9422754,-49.3408082
3549805,São José do Rio Preto,-20.8125851,-49.3804212
3517000,Getulina,-21.7988557,-49.9288096
3519071,Hortolândia,-22.8620175,-47.2164219
3536802,Pedra Bela,-22.7950193,-46.4431811
3524303,Jaboticabal,-21.252037,-48.325223
3534500,Oscar Bressane,-22.314874,-50.281118
3544806,Sales,-21.3418263,-49.4999228
3555604,Uchoa,-20.951106,-49.171295
3511003,Castilho,-20.8695636,-51.4877792
3544202,Riolândia,-19.980944,-49.6814309
3504107,Atibaia,-23.1177393,-46.5547861
3511706,Charqueada,-22.50958,-47.775468
3514908,Elias Fausto,-23.0416538,-47.3718002
3513900,Divinolândia,-21.6604584,-46.7371151
3509304,Cajobi,-20.8776238,-48.8106972
3500709,Agudos,-22.4719836,-48.9884476
3553203,Taiúva,-21.1238184,-48.4512476
3524907,Jambeiro,-23.2556416,-45.6919926
3543105,Ribeirão Corrente,-20.457872,-47.590394
3526407,Laranjal Paulista,-23.0514764,-47.8370125
3532306,Natividade da Serra,-23.3783786,-45.4438173
3503109,Arandu,-23.1345103,-49.0545651
3510807,Casa Branca,-21.7743137,-47.0852175
3528403,Mairinque,-23.5184259,-47.1984731
3528700,Marabá Paulista,-22.1069936,-51.9629504
3519501,Ibirarema,-22.8131812,-50.0720477
3539301,Pirassununga,-21.9980468,-47.4280861
3552601,Tabapuã,-20.9648397,-49.0332398
3546207,Santa Cruz da Conceição,-22.1378975,-47.4555647
3540853,Pracinha,-21.8537103,-51.0862052
3555703,União Paulista,-20.8877642,-49.8976558
3553807,Taquarituba,-23.5337307,-49.2452541
3545308,Salto de Pirapora,-23.6492502,-47.5729465
3544608,Sabino,-21.4598472,-49.5776811
3534708,Ourinhos,-22.9777918,-49.868204
3507803,Brodowski,-20.9862299,-47.6578768
3516853,Gavião Peixoto,-21.8377536,-48.492853
3549706,São José do Rio Pardo,-21.595288,-46.887303
3508009,Buri,-23.79849,-48.598924
3538600,Piracaia,-23.052545,-46.359374
3541703,Quatá,-22.2470977,-50.7003624
3515657,Fernão,-22.3595388,-49.5209504
3517802,Guaraçaí,-21.0322387,-51.2100464
3512209,Conchal,-22.337512,-47.172927
3551702,Sertãozinho,-21.1375782,-47.9913741
3510401,Capivari,-22.9999295,-47.5031066
3522703,Itápolis,-21.5958368,-48.8122696
3544905,Sales Oliveira,-20.769612,-47.836873
3529807,Mineiros do Tietê,-22.4133188,-48.450554
3518008,Guarani d'Oeste,-20.0749605,-50.3398517
3543253,Ribeirão Grande,-24.10114,-48.367931
3505203,Bariri,-22.0746355,-48.7394852
3527009,Lindóia,-22.5229637,-46.6502119
3518404,Guaratinguetá,-22.8057839,-45.1908926
3544251,Rosana,-22.578587,-53.0547967
3545209,Salto,-23.1989983,-47.2913682
3550209,São Miguel Arcanjo,-23.8807771,-47.9963492
3528007,Macatuba,-22.50022,-48.710229
3515186,Espírito Santo do Pinhal,-22.1929522,-46.7470021
3524600,Jacupiranga,-24.6945594,-48.0024027
3514106,Dois Córregos,-22.3697554,-48.3845315
3501905,Amparo,-22.70111,-46.76444
3527900,Lutécia,-22.338378,-50.394007
3539004,Pirangi,-21.0969623,-48.6652131
3529658,Mesópolis,-19.9662274,-50.6190438
3502606,Aparecida d'Oeste,-20.4498109,-50.8808706
3542701,Restinga,-20.6032343,-47.4830912
3542602,Registro,-24.497942,-47.844895
3522000,Itaju,-21.9816841,-48.8046536
3525904,Jundiaí,-23.1887668,-46.884506
3522406,Itapeva,-23.9849105,-48.8803886
3507506,Botucatu,-22.8879628,-48.4410712
3502309,Anhembi,-22.7891096,-48.1316776
3508306,Cabrália Paulista,-22.4562909,-49.3385645
3509106,Caiuá,-21.8319357,-51.9887179
3532843,Nova Canaã Paulista,-20.3872473,-50.9481571
3555208,Turiúba,-20.9491284,-50.1082011
3555356,Ubarana,-21.1637674,-49.7167796
3540309,Pontes Gestal,-20.1833464,-49.7031406
3507209,Borá,-22.2703347,-50.5442675
3546900,Santa Lúcia,-21.6861811,-48.0836814
3514007,Dobrada,-21.5180904,-48.3938897
3514700,Echaporã,-22.4325855,-50.2037693
3541307,Presidente Epitácio,-21.765074,-52.11114
3544301,Roseira,-22.8980898,-45.3093218
3505401,Barra do Turvo,-24.756421,-48.5056942
3517703,Guará,-20.4290496,-47.8250067
3534609,Osvaldo Cruz,-21.7962773,-50.879119
3510708,Cardoso,-20.080447,-49.9139767
3547007,Santa Maria da Serra,-22.5691072,-48.157095
3530102,Mirandópolis,-21.1328313,-51.1029422
3516002,Flórida Paulista,-21.614061,-51.1729548
3530003,Mira Estrela,-19.9806298,-50.136873
3524105,Ituverava,-20.3366604,-47.7797924
3554706,Torrinha,-22.4302536,-48.1690653
3519055,Holambra,-22.6332028,-47.0545305
3502754,Araçariguama,-23.4388277,-47.0613084
3529104,Marinópolis,-20.4408333,-50.8227778
3539202,Pirapozinho,-22.2738742,-51.4998867
3506359,Bertioga,-23.848568,-46.139586
3537602,Peruíbe,-24.3218105,-46.9977452
3536901,Pedranópolis,-20.249177,-50.1102463
3543238,Ribeirão dos Índios,-21.8378246,-51.602158
3507407,Borborema,-21.6212706,-49.074135
3507902,Brotas,-22.2840884,-48.1267265
3513306,Cruzália,-22.7434438,-50.7911037
3557006,Votorantim,-23.5380539,-47.4422137
3541653,Quadra,-23.299332,-48.054657
3535705,Paraíso,-21.015911,-48.776105
3508900,Caiabu,-22.0143038,-51.2356597
3527405,Lucélia,-21.7211293,-51.0188
3515608,Fernando Prestes,-21.266061,-48.687384
3545407,Salto Grande,-22.8878776,-49.9837107
3502903,Araçoiaba da Serra,-23.5045367,-47.6168158
3542206,Rancharia,-22.2294981,-50.8922333
3549607,São José do Barreiro,-22.6452376,-44.5805246
3519105,Iacanga,-21.8928341,-49.0226082
3556354,Vargem,-22.8902379,-46.4145366
3522307,Itapetininga,-23.588607,-48.048326
3554409,Terra Roxa,-20.787015,-48.331442
3507704,Braúna,-21.5015319,-50.3175246
3519303,Ibaté,-21.9562015,-48.0007848
3532157,Nantes,-22.6191472,-51.2382255
3536505,Paulínia,-22.7630391,-47.1532213
3521200,Iporanga,-24.5843214,-48.594028
3548005,Santo Antônio de Posse,-22.6053304,-46.9197291
3537156,Pedrinhas Paulista,-22.815725,-50.792359
3555505,Ubirajara,-22.5261054,-49.6635412
3525201,Jarinu,-23.0949649,-46.7148565
3543709,Rincão,-21.5881095,-48.0724258
3533304,Nova Luzitânia,-20.8558333,-50.2619444
3526308,Lagoinha,-23.0898337,-45.1903825
3504701,Balbinos,-21.9006253,-49.3583966
3525409,Jeriquara,-20.3104773,-47.5915669
3532108,Murutinga do Sul,-20.9913722,-51.2782237
3553500,Tapiraí,-23.9638345,-47.5067136
3553955,Tarumã,-22.7474736,-50.5783374
3555000,Tupã,-21.9349129,-50.5141255
3544400,Rubiácea,-21.2996334,-50.7298698
3541505,Presidente Venceslau,-21.877116,-51.8451047
3507100,Bom Jesus dos Perdões,-23.1353864,-46.4648052
3540705,Porto Ferreira,-21.8529134,-47.4794943
3548302,Santo Expedito,-21.8508736,-51.3925315
3508108,Buritama,-21.0664017,-50.1448077
3550100,São Manuel,-22.732081,-48.572316
3549201,São João das Duas Pontes,-20.3878223,-50.378858
3540804,Potirendaba,-21.0457369,-49.3767154
3534757,Ouroeste,-20.0013584,-50.3736414
3554755,Trabiju,-22.0410733,-48.3350302
3553906,Tarabai,-22.3038726,-51.5628675
3541208,Presidente Bernardes,-22.0064609,-51.5542973
3531803,Monte Mor,-22.945043,-47.312182
3534807,Ouro Verde,-21.4892638,-51.7025981
3535002,Palestina,-20.389344,-49.4320384
3521903,Itajobi,-21.312294,-49.0596336
3517406,Guaíra,-20.3245873,-48.3148818
3521804,Itaí,-23.4172598,-49.0935788
3552205,Sorocaba,-23.5003451,-47.4582864
3556800,Viradouro,-20.8726051,-48.2968122
3526803,Lençóis Paulista,-22.6029897,-48.8031367
3515152,Engenheiro Coelho,-22.4896659,-47.2119005
3540903,Pradópolis,-21.3597815,-48.0746603
3555307,Turmalina,-20.0530658,-50.4763212
3525706,José Bonifácio,-21.055062,-49.689233
3502705,Apiaí,-24.5076527,-48.8461582
3556404,Vargem Grande do Sul,-21.8310636,-46.893303
3514205,Dolcinópolis,-20.1230736,-50.513261
3519204,Iacri,-21.8583385,-50.6892931
3514304,Dourado,-22.116287,-48.3174349
3517901,Guaraci,-20.4976771,-48.9452074
3556107,Valentim Gentil,-20.4226107,-50.0861511
3530805,Mogi Mirim,-22.433123,-46.958246
3540101,Pongaí,-21.7379814,-49.3584449
3536000,Parapuã,-21.781309,-50.7922396
3543501,Riversul,-23.8303603,-49.4340558
3553658,Taquaral,-21.07373,-48.412553
3556958,Vitória Brasil,-20.1978821,-50.4847947
3513850,Dirce Reis,-20.4664067,-50.606276
3515905,Floreal,-20.6767063,-50.1455638
3548104,Santo Antônio do Jardim,-22.1158536,-46.6839541
3552551,Suzanápolis,-20.5011185,-51.0246771
3509809,Campos Novos Paulista,-22.601952,-49.998726
3517208,Guaiçara,-21.6213012,-49.7962941
3524501,Jaci,-20.8844434,-49.5710544
3513108,Cravinhos,-21.340278,-47.729444
3553104,Taiaçu,-21.143144,-48.511203
3545159,Saltinho,-22.8446614,-47.675489
3553609,Tapiratiba,-21.46824,-46.7493221
3527256,Lourdes,-20.9672545,-50.224966
3505906,Batatais,-20.892867,-47.592149
3508207,Buritizal,-20.1933264,-47.7097165
3509254,Cajati,-24.7272376,-48.1077914
3514601,Dumont,-21.2391417,-47.9747665
3517109,Glicério,-21.3814805,-50.2100452
3547205,Santana da Ponte Pensa,-20.2543758,-50.7975649
3502002,Analândia,-22.128917,-47.661939
3537503,Pereiras,-23.0743096,-47.9746014
3507308,Boracéia,-22.195355,-48.7801925
3517307,Guaimbê,-21.909072,-49.89861
3518859,Guatapará,-21.496092,-48.0360685
3506706,Boa Esperança do Sul,-21.9930206,-48.3917372
3537909,Pilar do Sul,-23.8121684,-47.7201865
3528809,Maracaí,-22.6112679,-50.6670685
3520707,Indiaporã,-19.9802644,-50.2906035
3553401,Tanabi,-20.6251635,-49.6519879
3535903,Paranapuã,-20.1033995,-50.5858761
3549003,São Francisco,-20.3604438,-50.696603
3504305,Avaí,-22.1564662,-49.3316395
3533205,Nova Independência,-21.1066536,-51.4910804
3519253,Iaras,-22.8742567,-49.1593923
3512803,Cosmópolis,-22.6437398,-47.1972086
3523701,Itirapuã,-20.6406814,-47.2193817
3547601,Santa Rosa de Viterbo,-21.4869452,-47.3654908
3552700,Tabatinga,-21.7373768,-48.6880522
3523008,Itapura,-20.6435211,-51.5084479
3531308,Monte Alto,-21.265545,-48.497066
3538303,Piquerobi,-21.8856652,-51.7296404
3530300,Mirassol,-20.8141411,-49.507449
3537800,Piedade,-23.7074096,-47.4252319
3519709,Ibiúna,-23.6544825,-47.220856
3504404,Avanhandava,-21.4603331,-49.9465156
3506201,Bento de Abreu,-21.2715723,-50.8117225
3556503,Várzea Paulista,-23.2113889,-46.8283333
3503604,Areiópolis,-22.6758064,-48.6673653
3511904,Clementina,-21.5594631,-50.448624
3525805,Júlio Mesquita,-22.0099839,-49.7889446
3548906,São Carlos,-22.0180395,-47.891154
3536703,Pederneiras,-22.351086,-48.778113
3531704,Monteiro Lobato,-22.9553542,-45.8387146
